id,name_user,url_user,comment_text,comment_main
1,Nels Rodríguez,https://www.facebook.com/nels.rodriguez.777?comment_id=Y29tbWVudDoxMDE2MTI3NDA2MzEyMzk5OF8xMDE2MTI5MDE1MzQ0ODk5OA%3D%3D&__cft__[0]=AZXkviw9QXouiR_gOqxyELoCgy-NOgb5ZGh9ACbSZQm3ag-EhUXa8AGp3JaTj-jUVZ3F_cGd5ZuObtSYsF93XXQLUJ-kFlNgtglN56ZGTfpKbsvBF87fg4PufaBd4WvKMdkrW9ng1i5LUGNvA8F0nRG6&__tn__=R]-R,Díos bendiga a Venezuela Uzcategui gobernador ya es hora de concretar un hecho votó consiente por Fuera Vecinal,True
2,Gisela Miquelareno,https://www.facebook.com/gisela.miquelareno.50?comment_id=Y29tbWVudDoxMDE2MTI3NDA2MzEyMzk5OF8xMDE2MTI4ODkyMTg4ODk5OA%3D%3D&__cft__[0]=AZXkviw9QXouiR_gOqxyELoCgy-NOgb5ZGh9ACbSZQm3ag-EhUXa8AGp3JaTj-jUVZ3F_cGd5ZuObtSYsF93XXQLUJ-kFlNgtglN56ZGTfpKbsvBF87fg4PufaBd4WvKMdkrW9ng1i5LUGNvA8F0nRG6&__tn__=R]-R,el mejor David Uzcategui futuro gobernador de Mirada,True
3,Jose Antonio Zambrano,https://www.facebook.com/profile.php?id=100015678586654&comment_id=Y29tbWVudDoxMDE2MTI3NDA2MzEyMzk5OF8xMDE2MTI4NDIzMTkyODk5OA%3D%3D&__cft__[0]=AZXkviw9QXouiR_gOqxyELoCgy-NOgb5ZGh9ACbSZQm3ag-EhUXa8AGp3JaTj-jUVZ3F_cGd5ZuObtSYsF93XXQLUJ-kFlNgtglN56ZGTfpKbsvBF87fg4PufaBd4WvKMdkrW9ng1i5LUGNvA8F0nRG6&__tn__=R]-R,"Demoles la oportunidad a este joven y preparado político para llevar las riendas de este maravilloso y abandonado estado para conducirlo a la mayor prosperidad y bienestar para todos,sí todos los habitantes q lo conformamos!la verdad particularmente me transmite confianza sin conocerlo pero con la intuición de q lo hará mejor q el actual ya q ganas,intención y dedicación le sobran para demostrarlo!solo es cuestión de darle la oportunidad y estoy casi seguro q no nos defraudará!",True
4,Rosari Barrio,https://www.facebook.com/rosari.barrio.9?comment_id=Y29tbWVudDoxMDE2MTI3NDA2MzEyMzk5OF8xMDE2MTI4NDExMDEzMzk5OA%3D%3D&__cft__[0]=AZXkviw9QXouiR_gOqxyELoCgy-NOgb5ZGh9ACbSZQm3ag-EhUXa8AGp3JaTj-jUVZ3F_cGd5ZuObtSYsF93XXQLUJ-kFlNgtglN56ZGTfpKbsvBF87fg4PufaBd4WvKMdkrW9ng1i5LUGNvA8F0nRG6&__tn__=R]-R,Todos unidos lograremos la victoria que dios te bendiga,True
5,Gean Geraldy,https://www.facebook.com/ggeraldy?comment_id=Y29tbWVudDoxMDE2MTI3NDA2MzEyMzk5OF8xMDE2MTI4NDA2MDgzODk5OA%3D%3D&__cft__[0]=AZXkviw9QXouiR_gOqxyELoCgy-NOgb5ZGh9ACbSZQm3ag-EhUXa8AGp3JaTj-jUVZ3F_cGd5ZuObtSYsF93XXQLUJ-kFlNgtglN56ZGTfpKbsvBF87fg4PufaBd4WvKMdkrW9ng1i5LUGNvA8F0nRG6&__tn__=R]-R,Amén amén amen,True
6,Mayerlin Parisca,https://www.facebook.com/profile.php?id=100009325464374&comment_id=Y29tbWVudDoxMDE2MTI3NDA2MzEyMzk5OF8xMDE2MTI4NDAzNzIxODk5OA%3D%3D&__cft__[0]=AZXkviw9QXouiR_gOqxyELoCgy-NOgb5ZGh9ACbSZQm3ag-EhUXa8AGp3JaTj-jUVZ3F_cGd5ZuObtSYsF93XXQLUJ-kFlNgtglN56ZGTfpKbsvBF87fg4PufaBd4WvKMdkrW9ng1i5LUGNvA8F0nRG6&__tn__=R]-R,"Vamos pueblo hay q dar un voto de confianza David Uzcátegui
confiamos en ti",True
7,Ysvett Coromoto Carvallo Perez,https://www.facebook.com/ysvettcoromoto.carvalloperez?comment_id=Y29tbWVudDoxMDE2MTI3NDA2MzEyMzk5OF8xMDE2MTI4Mzk1OTQ0ODk5OA%3D%3D&__cft__[0]=AZXkviw9QXouiR_gOqxyELoCgy-NOgb5ZGh9ACbSZQm3ag-EhUXa8AGp3JaTj-jUVZ3F_cGd5ZuObtSYsF93XXQLUJ-kFlNgtglN56ZGTfpKbsvBF87fg4PufaBd4WvKMdkrW9ng1i5LUGNvA8F0nRG6&__tn__=R]-R,Es cierto que todo lo que diga Carlos oscaris quedará nulo?,True
8,Fersen Aponte,https://www.facebook.com/fersen.aponte?comment_id=Y29tbWVudDoxMDE2MTI3NDA2MzEyMzk5OF8xMDE2MTI3NjY2MzA1ODk5OA%3D%3D&__cft__[0]=AZXkviw9QXouiR_gOqxyELoCgy-NOgb5ZGh9ACbSZQm3ag-EhUXa8AGp3JaTj-jUVZ3F_cGd5ZuObtSYsF93XXQLUJ-kFlNgtglN56ZGTfpKbsvBF87fg4PufaBd4WvKMdkrW9ng1i5LUGNvA8F0nRG6&__tn__=R]-R,"Señores hay que tener algo muy pero muy claro Miranda tiene 3 candidatos postulado: el becerron de Héctor Rodríguez, Carlos ocaris y David uzcategui estos dos últimos representan a la oposición deberían ponerse de acuerdo para que solo 1 vaya por la oposición ya que sino volverá a ganar el becerron de Héctor Rodríguez. Ahora bien porque les digo esto, pues acuérdense de cuando las elecciones presidenciales que también hubo 3 postulados el becerron de Nicolás maduro, Javier bertuchi y Henry falcón estos 2 últimos por la oposición y por no querer unirse volvió a ganar el chavismo la presidencia",True
8,Tibisay Chacin Loreto,https://www.facebook.com/tibisay.chacinloreto?comment_id=Y29tbWVudDoxMDE2MTI3NDA2MzEyMzk5OF8xMDE2MTI3Nzg2NDIzMzk5OA%3D%3D&__cft__[0]=AZXkviw9QXouiR_gOqxyELoCgy-NOgb5ZGh9ACbSZQm3ag-EhUXa8AGp3JaTj-jUVZ3F_cGd5ZuObtSYsF93XXQLUJ-kFlNgtglN56ZGTfpKbsvBF87fg4PufaBd4WvKMdkrW9ng1i5LUGNvA8F0nRG6&__tn__=R]-R,Fersen Aponte VOTA FUERZA VECINAL ARRIBA Y A LA DERECHA. DAVID UZCÁTEGUI GOBERNADOR,False
8,Fersen Aponte,https://www.facebook.com/fersen.aponte?comment_id=Y29tbWVudDoxMDE2MTI3NDA2MzEyMzk5OF8xMDE2MTI3ODE4OTU1Mzk5OA%3D%3D&__cft__[0]=AZXkviw9QXouiR_gOqxyELoCgy-NOgb5ZGh9ACbSZQm3ag-EhUXa8AGp3JaTj-jUVZ3F_cGd5ZuObtSYsF93XXQLUJ-kFlNgtglN56ZGTfpKbsvBF87fg4PufaBd4WvKMdkrW9ng1i5LUGNvA8F0nRG6&__tn__=R]-R,Tibisay Chacin Loreto cualquiera que gane menos el becerro de Héctor Rodríguez,False
8,Fersen Aponte,https://www.facebook.com/fersen.aponte?comment_id=Y29tbWVudDoxMDE2MTI3NDA2MzEyMzk5OF8xMDE2MTI3ODc1OTIzODk5OA%3D%3D&__cft__[0]=AZXkviw9QXouiR_gOqxyELoCgy-NOgb5ZGh9ACbSZQm3ag-EhUXa8AGp3JaTj-jUVZ3F_cGd5ZuObtSYsF93XXQLUJ-kFlNgtglN56ZGTfpKbsvBF87fg4PufaBd4WvKMdkrW9ng1i5LUGNvA8F0nRG6&__tn__=R]-R,Dígalo que tengo razón amiga?,False
8,Carmen Saravia,https://www.facebook.com/carmen.saravia.102977?comment_id=Y29tbWVudDoxMDE2MTI3NDA2MzEyMzk5OF8xMDE2MTI4MDc0ODE0ODk5OA%3D%3D&__cft__[0]=AZXkviw9QXouiR_gOqxyELoCgy-NOgb5ZGh9ACbSZQm3ag-EhUXa8AGp3JaTj-jUVZ3F_cGd5ZuObtSYsF93XXQLUJ-kFlNgtglN56ZGTfpKbsvBF87fg4PufaBd4WvKMdkrW9ng1i5LUGNvA8F0nRG6&__tn__=R]-R,Eso es cierto.,False
8,Luis Aguilar,https://www.facebook.com/profile.php?id=100022573059978&comment_id=Y29tbWVudDoxMDE2MTI3NDA2MzEyMzk5OF8xMDE2MTI4MzQ0NjEzMzk5OA%3D%3D&__cft__[0]=AZXkviw9QXouiR_gOqxyELoCgy-NOgb5ZGh9ACbSZQm3ag-EhUXa8AGp3JaTj-jUVZ3F_cGd5ZuObtSYsF93XXQLUJ-kFlNgtglN56ZGTfpKbsvBF87fg4PufaBd4WvKMdkrW9ng1i5LUGNvA8F0nRG6&__tn__=R]-R,Fersen Aponte oscari entrego dejo eso para Uzcategui,False
8,Fersen Aponte,https://www.facebook.com/fersen.aponte?comment_id=Y29tbWVudDoxMDE2MTI3NDA2MzEyMzk5OF8xMDE2MTI4MzU4OTI3Mzk5OA%3D%3D&__cft__[0]=AZXkviw9QXouiR_gOqxyELoCgy-NOgb5ZGh9ACbSZQm3ag-EhUXa8AGp3JaTj-jUVZ3F_cGd5ZuObtSYsF93XXQLUJ-kFlNgtglN56ZGTfpKbsvBF87fg4PufaBd4WvKMdkrW9ng1i5LUGNvA8F0nRG6&__tn__=R]-R,Perfecto ojalá y le meta una mega coñaza al bastardo de Héctor Rodríguez,False
8,Ysvett Coromoto Carvallo Perez,https://www.facebook.com/ysvettcoromoto.carvalloperez?comment_id=Y29tbWVudDoxMDE2MTI3NDA2MzEyMzk5OF8xMDE2MTI4Mzk1NjYzODk5OA%3D%3D&__cft__[0]=AZXkviw9QXouiR_gOqxyELoCgy-NOgb5ZGh9ACbSZQm3ag-EhUXa8AGp3JaTj-jUVZ3F_cGd5ZuObtSYsF93XXQLUJ-kFlNgtglN56ZGTfpKbsvBF87fg4PufaBd4WvKMdkrW9ng1i5LUGNvA8F0nRG6&__tn__=R]-R,Ojo cuando voten me dijeron que la Unidad quedó en el tarjetón si votan Unidad o todo lo que indique Oscari quedará nulo,False
9,Daviel Urbina,https://www.facebook.com/daviel.urbina?comment_id=Y29tbWVudDoxMDE2MTI3NDA2MzEyMzk5OF8xMDE2MTI4Mzk1MDQ5ODk5OA%3D%3D&__cft__[0]=AZXkviw9QXouiR_gOqxyELoCgy-NOgb5ZGh9ACbSZQm3ag-EhUXa8AGp3JaTj-jUVZ3F_cGd5ZuObtSYsF93XXQLUJ-kFlNgtglN56ZGTfpKbsvBF87fg4PufaBd4WvKMdkrW9ng1i5LUGNvA8F0nRG6&__tn__=R]-R,vengan para las maravillas esto es buros tanbien,True
10,Carmen Gonzalez,https://www.facebook.com/profile.php?id=100002107573156&comment_id=Y29tbWVudDoxMDE2MTI3NDA2MzEyMzk5OF8xMDE2MTI4MzkyOTg2ODk5OA%3D%3D&__cft__[0]=AZXkviw9QXouiR_gOqxyELoCgy-NOgb5ZGh9ACbSZQm3ag-EhUXa8AGp3JaTj-jUVZ3F_cGd5ZuObtSYsF93XXQLUJ-kFlNgtglN56ZGTfpKbsvBF87fg4PufaBd4WvKMdkrW9ng1i5LUGNvA8F0nRG6&__tn__=R]-R,Palabras palabras palabras tan solo palabras que no hay que creer son solo uno falso pura palabras,True
11,Gladyusk Rivas,https://www.facebook.com/gladysadriana.morenorivas?comment_id=Y29tbWVudDoxMDE2MTI3NDA2MzEyMzk5OF8xMDE2MTI4MzYwNzU1Mzk5OA%3D%3D&__cft__[0]=AZXkviw9QXouiR_gOqxyELoCgy-NOgb5ZGh9ACbSZQm3ag-EhUXa8AGp3JaTj-jUVZ3F_cGd5ZuObtSYsF93XXQLUJ-kFlNgtglN56ZGTfpKbsvBF87fg4PufaBd4WvKMdkrW9ng1i5LUGNvA8F0nRG6&__tn__=R]-R,Te deseo lo mejor. Ojalá Dios mediante ganes la gobernación de Miranda. Quiero un cambio .,True
12,Katty Martínez,https://www.facebook.com/Kattynmm?comment_id=Y29tbWVudDoxMDE2MTI3NDA2MzEyMzk5OF8xMDE2MTI4MzU4OTA0Mzk5OA%3D%3D&__cft__[0]=AZXkviw9QXouiR_gOqxyELoCgy-NOgb5ZGh9ACbSZQm3ag-EhUXa8AGp3JaTj-jUVZ3F_cGd5ZuObtSYsF93XXQLUJ-kFlNgtglN56ZGTfpKbsvBF87fg4PufaBd4WvKMdkrW9ng1i5LUGNvA8F0nRG6&__tn__=R]-R,TODOS VOTEN POR ESTE TIPO PORFAVOR,True
13,Luis Alberto Fernandez,https://www.facebook.com/luisalberto.fernandez.3154?comment_id=Y29tbWVudDoxMDE2MTI3NDA2MzEyMzk5OF8xMDE2MTI4MzM0Mzc2ODk5OA%3D%3D&__cft__[0]=AZXkviw9QXouiR_gOqxyELoCgy-NOgb5ZGh9ACbSZQm3ag-EhUXa8AGp3JaTj-jUVZ3F_cGd5ZuObtSYsF93XXQLUJ-kFlNgtglN56ZGTfpKbsvBF87fg4PufaBd4WvKMdkrW9ng1i5LUGNvA8F0nRG6&__tn__=R]-R,Vamos caaraaaaajooooOoo,True
14,Veronica Cisneros,https://www.facebook.com/veronica.cisneros.37625?comment_id=Y29tbWVudDoxMDE2MTI3NDA2MzEyMzk5OF8xMDE2MTI4MzMzMDA4Mzk5OA%3D%3D&__cft__[0]=AZXkviw9QXouiR_gOqxyELoCgy-NOgb5ZGh9ACbSZQm3ag-EhUXa8AGp3JaTj-jUVZ3F_cGd5ZuObtSYsF93XXQLUJ-kFlNgtglN56ZGTfpKbsvBF87fg4PufaBd4WvKMdkrW9ng1i5LUGNvA8F0nRG6&__tn__=R]-R,Con el favor de dios el cambio va contigo voy David cuenta con mi voto,True
15,Betty Gutierrez,https://www.facebook.com/thepunisher.john.nino?comment_id=Y29tbWVudDoxMDE2MTI3NDA2MzEyMzk5OF8xMDE2MTI4MzAzMTA5Mzk5OA%3D%3D&__cft__[0]=AZXkviw9QXouiR_gOqxyELoCgy-NOgb5ZGh9ACbSZQm3ag-EhUXa8AGp3JaTj-jUVZ3F_cGd5ZuObtSYsF93XXQLUJ-kFlNgtglN56ZGTfpKbsvBF87fg4PufaBd4WvKMdkrW9ng1i5LUGNvA8F0nRG6&__tn__=R]-R,Todos es mentira de pues q este montado ni se acuerda de nadie eso son peores eso pendiente es de roba siga creyendo pajaritos preñado jajaja,True
16,Alvaro Zerpa,https://www.facebook.com/alvaro.zerpa.395?comment_id=Y29tbWVudDoxMDE2MTI3NDA2MzEyMzk5OF8xMDE2MTI4MjcyOTkwODk5OA%3D%3D&__cft__[0]=AZXkviw9QXouiR_gOqxyELoCgy-NOgb5ZGh9ACbSZQm3ag-EhUXa8AGp3JaTj-jUVZ3F_cGd5ZuObtSYsF93XXQLUJ-kFlNgtglN56ZGTfpKbsvBF87fg4PufaBd4WvKMdkrW9ng1i5LUGNvA8F0nRG6&__tn__=R]-R,"David Uzcátegui, Héctor Rodríguez que lo coja un burro",True
17,Dainy Sofia,https://www.facebook.com/profile.php?id=100026396749455&comment_id=Y29tbWVudDoxMDE2MTI3NDA2MzEyMzk5OF8xMDE2MTI4MjY2MDg4Mzk5OA%3D%3D&__cft__[0]=AZXkviw9QXouiR_gOqxyELoCgy-NOgb5ZGh9ACbSZQm3ag-EhUXa8AGp3JaTj-jUVZ3F_cGd5ZuObtSYsF93XXQLUJ-kFlNgtglN56ZGTfpKbsvBF87fg4PufaBd4WvKMdkrW9ng1i5LUGNvA8F0nRG6&__tn__=R]-R,"Amen Que así Sea, Barlovento se está Destruyendo Lugares Como el Peñon, La Fila Morocopo San Francisco y muchos Más Están Totalmente Destruidos por la Delincuencia y Parece que Nadien lo Ve sin Señal luz, y la carretera full de monte ya que Nadien Camina por allí por miedo al llegar ah la entrada y llegar allí con ese terror que viven en esa entrada de Casupo",True
18,Hernán José Osuna,https://www.facebook.com/profile.php?id=100069163726255&comment_id=Y29tbWVudDoxMDE2MTI3NDA2MzEyMzk5OF8xMDE2MTI4MjYzNzcyMzk5OA%3D%3D&__cft__[0]=AZXkviw9QXouiR_gOqxyELoCgy-NOgb5ZGh9ACbSZQm3ag-EhUXa8AGp3JaTj-jUVZ3F_cGd5ZuObtSYsF93XXQLUJ-kFlNgtglN56ZGTfpKbsvBF87fg4PufaBd4WvKMdkrW9ng1i5LUGNvA8F0nRG6&__tn__=R]-R,Ya bastante tiempo tenemos con tantas mentiras y promesas que an hechos y no cumplen ninguna puro para ustedes haciéndose cada día más multimillonario y el pueblo pasando miseria sr ique gobernador Héctor Rodríguez usted no ha visto por Miranda y mucho menos por la ciudad de los teques quiere seguir engañando al pueblo no ya bastante an jodido,True
19,Hernán José Osuna,https://www.facebook.com/profile.php?id=100069163726255&comment_id=Y29tbWVudDoxMDE2MTI3NDA2MzEyMzk5OF8xMDE2MTI4MjYyNjE4Mzk5OA%3D%3D&__cft__[0]=AZXkviw9QXouiR_gOqxyELoCgy-NOgb5ZGh9ACbSZQm3ag-EhUXa8AGp3JaTj-jUVZ3F_cGd5ZuObtSYsF93XXQLUJ-kFlNgtglN56ZGTfpKbsvBF87fg4PufaBd4WvKMdkrW9ng1i5LUGNvA8F0nRG6&__tn__=R]-R,"Hernan osuna Miranda necesita un buen cambio y tenemos que cambiar ya bastante antes despilfarro
este gobierno pondremos toda la fe en el nuevo gobernador David uzcategui",True
20,Vegas Sayid,https://www.facebook.com/joseph.vegas.35?comment_id=Y29tbWVudDoxMDE2MTI3NDA2MzEyMzk5OF8xMDE2MTI4MjQwMjM2Mzk5OA%3D%3D&__cft__[0]=AZXkviw9QXouiR_gOqxyELoCgy-NOgb5ZGh9ACbSZQm3ag-EhUXa8AGp3JaTj-jUVZ3F_cGd5ZuObtSYsF93XXQLUJ-kFlNgtglN56ZGTfpKbsvBF87fg4PufaBd4WvKMdkrW9ng1i5LUGNvA8F0nRG6&__tn__=R]-R,"Con tal no sufras de perdida de la memoria está bien ,tanto derecha e izquierda son la misma verga .ahorita prometen hasta el cielo",True
21,Viviana Abreu,https://www.facebook.com/viviana.abreu.547?comment_id=Y29tbWVudDoxMDE2MTI3NDA2MzEyMzk5OF8xMDE2MTI4MTc0MjU0Mzk5OA%3D%3D&__cft__[0]=AZXkviw9QXouiR_gOqxyELoCgy-NOgb5ZGh9ACbSZQm3ag-EhUXa8AGp3JaTj-jUVZ3F_cGd5ZuObtSYsF93XXQLUJ-kFlNgtglN56ZGTfpKbsvBF87fg4PufaBd4WvKMdkrW9ng1i5LUGNvA8F0nRG6&__tn__=R]-R,"Dónde estabas tú durante todo este tiempo , ahora si quieren votos aparecen cada vez que hay elección descarados",True
21,Viviana Abreu,https://www.facebook.com/viviana.abreu.547?comment_id=Y29tbWVudDoxMDE2MTI3NDA2MzEyMzk5OF8xMDE2MTI4MTc0MjU0Mzk5OA%3D%3D&__cft__[0]=AZXkviw9QXouiR_gOqxyELoCgy-NOgb5ZGh9ACbSZQm3ag-EhUXa8AGp3JaTj-jUVZ3F_cGd5ZuObtSYsF93XXQLUJ-kFlNgtglN56ZGTfpKbsvBF87fg4PufaBd4WvKMdkrW9ng1i5LUGNvA8F0nRG6&__tn__=R]-R,"Dónde estabas tú durante todo este tiempo , ahora si quieren votos aparecen cada vez que hay elección descarados",True
23,Taliana Mayuri,https://www.facebook.com/profile.php?id=100073370355210&comment_id=Y29tbWVudDoxMDE2MTI3NDA2MzEyMzk5OF8xMDE2MTI4MTU3NjQzMzk5OA%3D%3D&__cft__[0]=AZXkviw9QXouiR_gOqxyELoCgy-NOgb5ZGh9ACbSZQm3ag-EhUXa8AGp3JaTj-jUVZ3F_cGd5ZuObtSYsF93XXQLUJ-kFlNgtglN56ZGTfpKbsvBF87fg4PufaBd4WvKMdkrW9ng1i5LUGNvA8F0nRG6&__tn__=R]-R,Cuanto le habrán pagado a este carajo,True
24,Jesus Terius,https://www.facebook.com/jesus.terius?comment_id=Y29tbWVudDoxMDE2MTI3NDA2MzEyMzk5OF8xMDE2MTI4MTU2NTIxODk5OA%3D%3D&__cft__[0]=AZXkviw9QXouiR_gOqxyELoCgy-NOgb5ZGh9ACbSZQm3ag-EhUXa8AGp3JaTj-jUVZ3F_cGd5ZuObtSYsF93XXQLUJ-kFlNgtglN56ZGTfpKbsvBF87fg4PufaBd4WvKMdkrW9ng1i5LUGNvA8F0nRG6&__tn__=R]-R,Proximo gobernador,True
25,Pedro Milano,https://www.facebook.com/pedro.milano.14?comment_id=Y29tbWVudDoxMDE2MTI3NDA2MzEyMzk5OF8xMDE2MTI4MTUyMjU1ODk5OA%3D%3D&__cft__[0]=AZXkviw9QXouiR_gOqxyELoCgy-NOgb5ZGh9ACbSZQm3ag-EhUXa8AGp3JaTj-jUVZ3F_cGd5ZuObtSYsF93XXQLUJ-kFlNgtglN56ZGTfpKbsvBF87fg4PufaBd4WvKMdkrW9ng1i5LUGNvA8F0nRG6&__tn__=R]-R,Ahora tu gobernador le importa mas su tarjeta que la unidad desgracia de dirigente,True
26,Carmen Saravia,https://www.facebook.com/carmen.saravia.102977?comment_id=Y29tbWVudDoxMDE2MTI3NDA2MzEyMzk5OF8xMDE2MTI4MDc0NjkzODk5OA%3D%3D&__cft__[0]=AZXkviw9QXouiR_gOqxyELoCgy-NOgb5ZGh9ACbSZQm3ag-EhUXa8AGp3JaTj-jUVZ3F_cGd5ZuObtSYsF93XXQLUJ-kFlNgtglN56ZGTfpKbsvBF87fg4PufaBd4WvKMdkrW9ng1i5LUGNvA8F0nRG6&__tn__=R]-R,Estoy contigo.,True
27,Victoria Hernández,https://www.facebook.com/profile.php?id=100066358031450&comment_id=Y29tbWVudDoxMDE2MTI3NDA2MzEyMzk5OF8xMDE2MTI4MDQ3NjUyMzk5OA%3D%3D&__cft__[0]=AZXkviw9QXouiR_gOqxyELoCgy-NOgb5ZGh9ACbSZQm3ag-EhUXa8AGp3JaTj-jUVZ3F_cGd5ZuObtSYsF93XXQLUJ-kFlNgtglN56ZGTfpKbsvBF87fg4PufaBd4WvKMdkrW9ng1i5LUGNvA8F0nRG6&__tn__=R]-R,Dios bendiga a nuestro futuro gobernador David uzcategui caucagua esta contigo cuenta con Miranda que Miranda también cuenta conmigo amen,True
28,Iraida Piñero,https://www.facebook.com/iraida.pinero.7?comment_id=Y29tbWVudDoxMDE2MTI3NDA2MzEyMzk5OF8xMDE2MTI4MDI5ODk1ODk5OA%3D%3D&__cft__[0]=AZXkviw9QXouiR_gOqxyELoCgy-NOgb5ZGh9ACbSZQm3ag-EhUXa8AGp3JaTj-jUVZ3F_cGd5ZuObtSYsF93XXQLUJ-kFlNgtglN56ZGTfpKbsvBF87fg4PufaBd4WvKMdkrW9ng1i5LUGNvA8F0nRG6&__tn__=R]-R,Toda la fe en que eres y serás esperanza para Miranda. Y orgullosa de que mi hermana Erika Piñero este en la lucha contigo para el bienestar de las comunidades.,True
29,Julio Cesar Montes Flores,https://www.facebook.com/juliocesar.montesflores.9?comment_id=Y29tbWVudDoxMDE2MTI3NDA2MzEyMzk5OF8xMDE2MTI4MDE0OTU3Mzk5OA%3D%3D&__cft__[0]=AZXkviw9QXouiR_gOqxyELoCgy-NOgb5ZGh9ACbSZQm3ag-EhUXa8AGp3JaTj-jUVZ3F_cGd5ZuObtSYsF93XXQLUJ-kFlNgtglN56ZGTfpKbsvBF87fg4PufaBd4WvKMdkrW9ng1i5LUGNvA8F0nRG6&__tn__=R]-R,Así es ocaris pensaste bien una sola alianza a nuestro ya gobernador David Uzcátegui. Palante. Mi pueblo. Basta de miseria.,True
30,Alba Ottolina,https://www.facebook.com/aottolina?comment_id=Y29tbWVudDoxMDE2MTI3NDA2MzEyMzk5OF8xMDE2MTI4MDA4MjQ2ODk5OA%3D%3D&__cft__[0]=AZXkviw9QXouiR_gOqxyELoCgy-NOgb5ZGh9ACbSZQm3ag-EhUXa8AGp3JaTj-jUVZ3F_cGd5ZuObtSYsF93XXQLUJ-kFlNgtglN56ZGTfpKbsvBF87fg4PufaBd4WvKMdkrW9ng1i5LUGNvA8F0nRG6&__tn__=R]-R,Con la mala fama de las promesas electorales,True
31,Rosario Bompart,https://www.facebook.com/rosario.bompart.1?comment_id=Y29tbWVudDoxMDE2MTI3NDA2MzEyMzk5OF8xMDE2MTI4MDA2OTIzMzk5OA%3D%3D&__cft__[0]=AZXkviw9QXouiR_gOqxyELoCgy-NOgb5ZGh9ACbSZQm3ag-EhUXa8AGp3JaTj-jUVZ3F_cGd5ZuObtSYsF93XXQLUJ-kFlNgtglN56ZGTfpKbsvBF87fg4PufaBd4WvKMdkrW9ng1i5LUGNvA8F0nRG6&__tn__=R]-R,Que dios nos conceda la dicha de ser así pongamos todo el 21 de noviembre el voto del progreso y de la victoria para así en batalla sacar a miranda hacia adelante si podemos todo a votar por la mejoría de cada uno de nosotros,True
32,Mariana Duarte,https://www.facebook.com/mariana.duarte.946?comment_id=Y29tbWVudDoxMDE2MTI3NDA2MzEyMzk5OF8xMDE2MTI4MDA0NjIxMzk5OA%3D%3D&__cft__[0]=AZXkviw9QXouiR_gOqxyELoCgy-NOgb5ZGh9ACbSZQm3ag-EhUXa8AGp3JaTj-jUVZ3F_cGd5ZuObtSYsF93XXQLUJ-kFlNgtglN56ZGTfpKbsvBF87fg4PufaBd4WvKMdkrW9ng1i5LUGNvA8F0nRG6&__tn__=R]-R,"Si David, lamentablemente Barlovento-higuerote esta abandonado..
a ayudar esa zona turística de nuestro pais.",True
33,Marcos Hernandez,https://www.facebook.com/profile.php?id=100048800114551&comment_id=Y29tbWVudDoxMDE2MTI3NDA2MzEyMzk5OF8xMDE2MTI3OTk3NDMzODk5OA%3D%3D&__cft__[0]=AZXkviw9QXouiR_gOqxyELoCgy-NOgb5ZGh9ACbSZQm3ag-EhUXa8AGp3JaTj-jUVZ3F_cGd5ZuObtSYsF93XXQLUJ-kFlNgtglN56ZGTfpKbsvBF87fg4PufaBd4WvKMdkrW9ng1i5LUGNvA8F0nRG6&__tn__=R]-R,Dios quiera i ya podamos salir de esta anarquía y desidia en k a caído el Edo Miranda solo miseria anarquía y destrucción tendrá k arrancar de 0 porque aquí cayeron las 7 plagas !!!!,True
34,Victor Nunes,https://www.facebook.com/victor.nunes.3954?comment_id=Y29tbWVudDoxMDE2MTI3NDA2MzEyMzk5OF8xMDE2MTI3OTkyNTM2Mzk5OA%3D%3D&__cft__[0]=AZXkviw9QXouiR_gOqxyELoCgy-NOgb5ZGh9ACbSZQm3ag-EhUXa8AGp3JaTj-jUVZ3F_cGd5ZuObtSYsF93XXQLUJ-kFlNgtglN56ZGTfpKbsvBF87fg4PufaBd4WvKMdkrW9ng1i5LUGNvA8F0nRG6&__tn__=R]-R,El sábado cuando iba para Higuerote caí en un hueco se rompió el caucho que autopista tan descuidada,True
35,Jesus Rincon,https://www.facebook.com/jesusrinconibarra?comment_id=Y29tbWVudDoxMDE2MTI3NDA2MzEyMzk5OF8xMDE2MTI3OTAzNjAyODk5OA%3D%3D&__cft__[0]=AZXkviw9QXouiR_gOqxyELoCgy-NOgb5ZGh9ACbSZQm3ag-EhUXa8AGp3JaTj-jUVZ3F_cGd5ZuObtSYsF93XXQLUJ-kFlNgtglN56ZGTfpKbsvBF87fg4PufaBd4WvKMdkrW9ng1i5LUGNvA8F0nRG6&__tn__=R]-R,"Concentraciones vacías los mismos 4 gatos
Con sus encuestas amañadas se creen su propia mentiras",True
36,Milagros Del Valle Campos Martinez,https://www.facebook.com/profile.php?id=100009484261465&comment_id=Y29tbWVudDoxMDE2MTI3NDA2MzEyMzk5OF8xMDE2MTI3ODg4OTY1Mzk5OA%3D%3D&__cft__[0]=AZXkviw9QXouiR_gOqxyELoCgy-NOgb5ZGh9ACbSZQm3ag-EhUXa8AGp3JaTj-jUVZ3F_cGd5ZuObtSYsF93XXQLUJ-kFlNgtglN56ZGTfpKbsvBF87fg4PufaBd4WvKMdkrW9ng1i5LUGNvA8F0nRG6&__tn__=R]-R,"Felicitaciones
amigo David, falta el 21 donde serás el ganador, mediante Dios, fuerza, sigue así Jehová te dará la victoria, ya Carlos Ocariz entendió q tú llevas las encuestas más altas",True
37,Oscar Rodriguez,https://www.facebook.com/profile.php?id=100014187551878&comment_id=Y29tbWVudDoxMDE2MTI3NDA2MzEyMzk5OF8xMDE2MTI3ODY1MDY0ODk5OA%3D%3D&__cft__[0]=AZXkviw9QXouiR_gOqxyELoCgy-NOgb5ZGh9ACbSZQm3ag-EhUXa8AGp3JaTj-jUVZ3F_cGd5ZuObtSYsF93XXQLUJ-kFlNgtglN56ZGTfpKbsvBF87fg4PufaBd4WvKMdkrW9ng1i5LUGNvA8F0nRG6&__tn__=R]-R,Amén. Hojala y no sean solo promesas vacías. Confiamos en vos.,True
38,Mirna Sosa,https://www.facebook.com/mirna.sosa.9066?comment_id=Y29tbWVudDoxMDE2MTI3NDA2MzEyMzk5OF8xMDE2MTI3ODIwMjI2ODk5OA%3D%3D&__cft__[0]=AZXkviw9QXouiR_gOqxyELoCgy-NOgb5ZGh9ACbSZQm3ag-EhUXa8AGp3JaTj-jUVZ3F_cGd5ZuObtSYsF93XXQLUJ-kFlNgtglN56ZGTfpKbsvBF87fg4PufaBd4WvKMdkrW9ng1i5LUGNvA8F0nRG6&__tn__=R]-R,Amén,True
39,Luis Humberto Zamora,https://www.facebook.com/luishumberto.zamorarojas?comment_id=Y29tbWVudDoxMDE2MTI3NDA2MzEyMzk5OF8xMDE2MTI3NDA5NDE4Mzk5OA%3D%3D&__cft__[0]=AZXkviw9QXouiR_gOqxyELoCgy-NOgb5ZGh9ACbSZQm3ag-EhUXa8AGp3JaTj-jUVZ3F_cGd5ZuObtSYsF93XXQLUJ-kFlNgtglN56ZGTfpKbsvBF87fg4PufaBd4WvKMdkrW9ng1i5LUGNvA8F0nRG6&__tn__=R]-R,Cómo es verdad que tanto tú cómo Ocariz van a perder por brutos y ambiciosos. El pueblo merece madurez política y ambos carecen de ello....,True
39,Rubén Álvarez,https://www.facebook.com/ruben.cedeno.526?comment_id=Y29tbWVudDoxMDE2MTI3NDA2MzEyMzk5OF8xMDE2MTI3NDI0NzYxODk5OA%3D%3D&__cft__[0]=AZXkviw9QXouiR_gOqxyELoCgy-NOgb5ZGh9ACbSZQm3ag-EhUXa8AGp3JaTj-jUVZ3F_cGd5ZuObtSYsF93XXQLUJ-kFlNgtglN56ZGTfpKbsvBF87fg4PufaBd4WvKMdkrW9ng1i5LUGNvA8F0nRG6&__tn__=R]-R,"Luis Humberto Zamora Bruto sería David Uzcátegui, si declina ante un dinosaurio que ha decidido a no participar en ocasiones. Y que desde la alcaldía que precedió no hizo mucho que digamos.. imagínate de gobernador. Y además, Uzcátegui ganó las encuestas, el otro simplemente no acepta la derrota..",False
39,Carlos Gonzalez,https://www.facebook.com/brayan.gonzalez.37454961?comment_id=Y29tbWVudDoxMDE2MTI3NDA2MzEyMzk5OF8xMDE2MTI3NDI2MzY5Mzk5OA%3D%3D&__cft__[0]=AZXkviw9QXouiR_gOqxyELoCgy-NOgb5ZGh9ACbSZQm3ag-EhUXa8AGp3JaTj-jUVZ3F_cGd5ZuObtSYsF93XXQLUJ-kFlNgtglN56ZGTfpKbsvBF87fg4PufaBd4WvKMdkrW9ng1i5LUGNvA8F0nRG6&__tn__=R]-R,Luis Humberto Zamora si por lo menos tu seguirás mendigando lo poquito q dejan los madurista por eso es q Venezuela está como esta muchos sinvergüenzas apoyadores,False
39,Tibisay Chacin Loreto,https://www.facebook.com/tibisay.chacinloreto?comment_id=Y29tbWVudDoxMDE2MTI3NDA2MzEyMzk5OF8xMDE2MTI3Nzg2MTkwODk5OA%3D%3D&__cft__[0]=AZXkviw9QXouiR_gOqxyELoCgy-NOgb5ZGh9ACbSZQm3ag-EhUXa8AGp3JaTj-jUVZ3F_cGd5ZuObtSYsF93XXQLUJ-kFlNgtglN56ZGTfpKbsvBF87fg4PufaBd4WvKMdkrW9ng1i5LUGNvA8F0nRG6&__tn__=R]-R,Luis Humberto Zamora te equivocas. DAVID UZCÁTEGUI SERÁ EL PRÓXIMO GOBERNADOR DE MIRANDA. VOTA FUERZA VECINAL. ARRIBA Y A LA DERECHA.,False
40,Suhail Diaz,https://www.facebook.com/suhail.diaz.148?comment_id=Y29tbWVudDoxMDE2MTI3NDA2MzEyMzk5OF8xMDE2MTI3NzUyODAyODk5OA%3D%3D&__cft__[0]=AZXkviw9QXouiR_gOqxyELoCgy-NOgb5ZGh9ACbSZQm3ag-EhUXa8AGp3JaTj-jUVZ3F_cGd5ZuObtSYsF93XXQLUJ-kFlNgtglN56ZGTfpKbsvBF87fg4PufaBd4WvKMdkrW9ng1i5LUGNvA8F0nRG6&__tn__=R]-R,"Asi es necesitamos un representante del pueblo y para el pueblo, que saque a Miranda hacia delante en todos sus aspectos que no se olvide de los Mirandinos necesitamos un cambio ya y este es el momento. Fuerza vecinal con todo",True
41,Miranda Caracas,https://www.facebook.com/profile.php?id=100073822803760&comment_id=Y29tbWVudDoxMDE2MTI3NDA2MzEyMzk5OF8xMDE2MTI3NzM2OTcyODk5OA%3D%3D&__cft__[0]=AZXkviw9QXouiR_gOqxyELoCgy-NOgb5ZGh9ACbSZQm3ag-EhUXa8AGp3JaTj-jUVZ3F_cGd5ZuObtSYsF93XXQLUJ-kFlNgtglN56ZGTfpKbsvBF87fg4PufaBd4WvKMdkrW9ng1i5LUGNvA8F0nRG6&__tn__=R]-R,"David Uzcategui es el candidato de UPP89 , Busca la única tarjeta con número en la boleta electoral y vota UPP89. DAVID UZCATEGUI GOBERNADOR.",True
42,Luisa Ramirez,https://www.facebook.com/profile.php?id=100007701826706&comment_id=Y29tbWVudDoxMDE2MTI3NDA2MzEyMzk5OF8xMDE2MTI3NjIxMjMwODk5OA%3D%3D&__cft__[0]=AZXkviw9QXouiR_gOqxyELoCgy-NOgb5ZGh9ACbSZQm3ag-EhUXa8AGp3JaTj-jUVZ3F_cGd5ZuObtSYsF93XXQLUJ-kFlNgtglN56ZGTfpKbsvBF87fg4PufaBd4WvKMdkrW9ng1i5LUGNvA8F0nRG6&__tn__=R]-R,Te veo con la gente solo en campaña electoral,True
42,Carmen Salcedo,https://www.facebook.com/carmen.salcedo.5667?comment_id=Y29tbWVudDoxMDE2MTI3NDA2MzEyMzk5OF8xMDE2MTI3Njk0NzAxODk5OA%3D%3D&__cft__[0]=AZXkviw9QXouiR_gOqxyELoCgy-NOgb5ZGh9ACbSZQm3ag-EhUXa8AGp3JaTj-jUVZ3F_cGd5ZuObtSYsF93XXQLUJ-kFlNgtglN56ZGTfpKbsvBF87fg4PufaBd4WvKMdkrW9ng1i5LUGNvA8F0nRG6&__tn__=R]-R,"Luisa Ramirez como todos los candidatos amiga, ojalá las campañas electorales sean todos los días del año...",False
42,Luisa Ramirez,https://www.facebook.com/profile.php?id=100007701826706&comment_id=Y29tbWVudDoxMDE2MTI3NDA2MzEyMzk5OF8xMDE2MTI3NzA1MDY5Mzk5OA%3D%3D&__cft__[0]=AZXkviw9QXouiR_gOqxyELoCgy-NOgb5ZGh9ACbSZQm3ag-EhUXa8AGp3JaTj-jUVZ3F_cGd5ZuObtSYsF93XXQLUJ-kFlNgtglN56ZGTfpKbsvBF87fg4PufaBd4WvKMdkrW9ng1i5LUGNvA8F0nRG6&__tn__=R]-R,Carmen Salcedo de verdad que sí!,False
43,Nels Rodríguez,https://www.facebook.com/nels.rodriguez.777?comment_id=Y29tbWVudDoxMDE2MTI3NDA2MzEyMzk5OF8xMDE2MTI3NjcyNzM0Mzk5OA%3D%3D&__cft__[0]=AZXkviw9QXouiR_gOqxyELoCgy-NOgb5ZGh9ACbSZQm3ag-EhUXa8AGp3JaTj-jUVZ3F_cGd5ZuObtSYsF93XXQLUJ-kFlNgtglN56ZGTfpKbsvBF87fg4PufaBd4WvKMdkrW9ng1i5LUGNvA8F0nRG6&__tn__=R]-R,Jajaja Oscari dijo que votaría por fuerza vecinal en Chacao que quiere decir eso FV es la q es,True
44,Fersen Aponte,https://www.facebook.com/fersen.aponte?comment_id=Y29tbWVudDoxMDE2MTI3NDA2MzEyMzk5OF8xMDE2MTI3NjY2NjA2ODk5OA%3D%3D&__cft__[0]=AZXkviw9QXouiR_gOqxyELoCgy-NOgb5ZGh9ACbSZQm3ag-EhUXa8AGp3JaTj-jUVZ3F_cGd5ZuObtSYsF93XXQLUJ-kFlNgtglN56ZGTfpKbsvBF87fg4PufaBd4WvKMdkrW9ng1i5LUGNvA8F0nRG6&__tn__=R]-R,Pienso que si la oposición no se une siempre tendremos los mismos resultados es mi opinion,True
45,Manuel Pimpollo Carrasco,https://www.facebook.com/profile.php?id=100067732118224&comment_id=Y29tbWVudDoxMDE2MTI3NDA2MzEyMzk5OF8xMDE2MTI3NjYwMzA1Mzk5OA%3D%3D&__cft__[0]=AZXkviw9QXouiR_gOqxyELoCgy-NOgb5ZGh9ACbSZQm3ag-EhUXa8AGp3JaTj-jUVZ3F_cGd5ZuObtSYsF93XXQLUJ-kFlNgtglN56ZGTfpKbsvBF87fg4PufaBd4WvKMdkrW9ng1i5LUGNvA8F0nRG6&__tn__=R]-R,Como lo dice en gran filoso de la musica vico C estos politicos van al caserio abrazan ami abuela saludan ami tio pero los pasados 4 años estan escondios. Osea no hacen nada y todavia hay gente masoquista que siguen votando x el mismo carajo y como lo dice Simon Bolivar cuando la tirania se hace ley la rebelion es un derecho,True
46,Yomaira Carrasquel,https://www.facebook.com/yomaira.carrasquel.1?comment_id=Y29tbWVudDoxMDE2MTI3NDA2MzEyMzk5OF8xMDE2MTI3NjQ3ODEyMzk5OA%3D%3D&__cft__[0]=AZXkviw9QXouiR_gOqxyELoCgy-NOgb5ZGh9ACbSZQm3ag-EhUXa8AGp3JaTj-jUVZ3F_cGd5ZuObtSYsF93XXQLUJ-kFlNgtglN56ZGTfpKbsvBF87fg4PufaBd4WvKMdkrW9ng1i5LUGNvA8F0nRG6&__tn__=R]-R,David te apollo como sera que él gobernador que esta tiene la comunidad de altagracia de la montaña tan abandonada las carreteras no silben los agricultores pierden sus cosechas mas nunca mandaron unas maquinas a reglar las carreteras una de ellas es la carretera los amarillos la lagunita queremos cambios jente que trabaje por él estado miranda te apollo que Dios te bendiga,True
47,Dudak Discplay Sonido Profesional,https://www.facebook.com/dudakdiscplay.sonidoprofesional?comment_id=Y29tbWVudDoxMDE2MTI3NDA2MzEyMzk5OF8xMDE2MTI3NTU2OTEzODk5OA%3D%3D&__cft__[0]=AZXkviw9QXouiR_gOqxyELoCgy-NOgb5ZGh9ACbSZQm3ag-EhUXa8AGp3JaTj-jUVZ3F_cGd5ZuObtSYsF93XXQLUJ-kFlNgtglN56ZGTfpKbsvBF87fg4PufaBd4WvKMdkrW9ng1i5LUGNvA8F0nRG6&__tn__=R]-R,"Por favor hasta cuando esta Oposición le hace el Juego al Gobierno , sino Van Unidos Perderemos ,pero no por que se quiera que este Gobierno continúe, Sino por lo Nefastos que son los Opositores que sólo Piensan en ellos y No en Pueblo que tiene Tantas Necesidades",True
47,Kelvin Blanco,https://www.facebook.com/kelvin.blanco.35?comment_id=Y29tbWVudDoxMDE2MTI3NDA2MzEyMzk5OF8xMDE2MTI3NTc2MDczMzk5OA%3D%3D&__cft__[0]=AZXkviw9QXouiR_gOqxyELoCgy-NOgb5ZGh9ACbSZQm3ag-EhUXa8AGp3JaTj-jUVZ3F_cGd5ZuObtSYsF93XXQLUJ-kFlNgtglN56ZGTfpKbsvBF87fg4PufaBd4WvKMdkrW9ng1i5LUGNvA8F0nRG6&__tn__=R]-R,Dudak Discplay Sonido Profesional hermano Ocariz fue el alcalde de dónde yo vivo y nadien lo quiere eso no sirve y yo no soy político pero ya basta d tanto abuso,False
47,Kelvin Blanco,https://www.facebook.com/kelvin.blanco.35?comment_id=Y29tbWVudDoxMDE2MTI3NDA2MzEyMzk5OF8xMDE2MTI3NjQ0MjczMzk5OA%3D%3D&__cft__[0]=AZXkviw9QXouiR_gOqxyELoCgy-NOgb5ZGh9ACbSZQm3ag-EhUXa8AGp3JaTj-jUVZ3F_cGd5ZuObtSYsF93XXQLUJ-kFlNgtglN56ZGTfpKbsvBF87fg4PufaBd4WvKMdkrW9ng1i5LUGNvA8F0nRG6&__tn__=R]-R,Dudak Discplay Sonido Profesional ah bueno esos son peores mano y todos dicen q van ah solucionar el agua y la luz y xq no lo hicieron antes y todavía hay gente q creen en los rojitos,False
47,Dudak Discplay Sonido Profesional,https://www.facebook.com/dudakdiscplay.sonidoprofesional?comment_id=Y29tbWVudDoxMDE2MTI3NDA2MzEyMzk5OF8xMDE2MTI3NjM0MTI0ODk5OA%3D%3D&__cft__[0]=AZXkviw9QXouiR_gOqxyELoCgy-NOgb5ZGh9ACbSZQm3ag-EhUXa8AGp3JaTj-jUVZ3F_cGd5ZuObtSYsF93XXQLUJ-kFlNgtglN56ZGTfpKbsvBF87fg4PufaBd4WvKMdkrW9ng1i5LUGNvA8F0nRG6&__tn__=R]-R,Kelvin Blanco pero peor de todos estos Alcaldes Chavistas que no han hecho nada lo Dudo,False
48,Frank Polanco,https://www.facebook.com/humberto.mejia.798278?comment_id=Y29tbWVudDoxMDE2MTI3NDA2MzEyMzk5OF8xMDE2MTI3NjM4MzMwODk5OA%3D%3D&__cft__[0]=AZXkviw9QXouiR_gOqxyELoCgy-NOgb5ZGh9ACbSZQm3ag-EhUXa8AGp3JaTj-jUVZ3F_cGd5ZuObtSYsF93XXQLUJ-kFlNgtglN56ZGTfpKbsvBF87fg4PufaBd4WvKMdkrW9ng1i5LUGNvA8F0nRG6&__tn__=R]-R,"No hay mucha gente.
. Ojalá pudiera abrir lo ojos para salir de este desastre",True
49,Jesus Farias,https://www.facebook.com/jesusfarias1966?comment_id=Y29tbWVudDoxMDE2MTI3NDA2MzEyMzk5OF8xMDE2MTI3NjEyMjE2Mzk5OA%3D%3D&__cft__[0]=AZXkviw9QXouiR_gOqxyELoCgy-NOgb5ZGh9ACbSZQm3ag-EhUXa8AGp3JaTj-jUVZ3F_cGd5ZuObtSYsF93XXQLUJ-kFlNgtglN56ZGTfpKbsvBF87fg4PufaBd4WvKMdkrW9ng1i5LUGNvA8F0nRG6&__tn__=R]-R,"Que te parece leo los comentarios y me caigo como condorito, nosotros de los Teques pensábamos que el Gobernador invisible, tenía más atendida a la zona de Barlovento, en los Teques ahora es que loco últimamente lo hemos visto y eso por qué anda en campaña jeje todo es una mentira que te parece Miranda ya es momento del cambio
por eso mi voto es para David Uzcátegui",True
50,Juan Carlos Hurtado Gonzalez,https://www.facebook.com/juancarlos.hurtadogonzalez.98?comment_id=Y29tbWVudDoxMDE2MTI3NDA2MzEyMzk5OF8xMDE2MTI3NTY4NzA5Mzk5OA%3D%3D&__cft__[0]=AZXkviw9QXouiR_gOqxyELoCgy-NOgb5ZGh9ACbSZQm3ag-EhUXa8AGp3JaTj-jUVZ3F_cGd5ZuObtSYsF93XXQLUJ-kFlNgtglN56ZGTfpKbsvBF87fg4PufaBd4WvKMdkrW9ng1i5LUGNvA8F0nRG6&__tn__=R]-R,Por una mirandad diferente mi voto es pa david uscategui un hombre de calle bamos,True
51,Carlos Colina,https://www.facebook.com/carlos.colina.169?comment_id=Y29tbWVudDoxMDE2MTI3NDA2MzEyMzk5OF8xMDE2MTI3NTU2OTkzODk5OA%3D%3D&__cft__[0]=AZXkviw9QXouiR_gOqxyELoCgy-NOgb5ZGh9ACbSZQm3ag-EhUXa8AGp3JaTj-jUVZ3F_cGd5ZuObtSYsF93XXQLUJ-kFlNgtglN56ZGTfpKbsvBF87fg4PufaBd4WvKMdkrW9ng1i5LUGNvA8F0nRG6&__tn__=R]-R,Barlovento está en estado de abandono total...!,True
52,Yasmin Hernandez,https://www.facebook.com/profile.php?id=100046501909265&comment_id=Y29tbWVudDoxMDE2MTI3NDA2MzEyMzk5OF8xMDE2MTI3NTQ0ODQ5ODk5OA%3D%3D&__cft__[0]=AZXkviw9QXouiR_gOqxyELoCgy-NOgb5ZGh9ACbSZQm3ag-EhUXa8AGp3JaTj-jUVZ3F_cGd5ZuObtSYsF93XXQLUJ-kFlNgtglN56ZGTfpKbsvBF87fg4PufaBd4WvKMdkrW9ng1i5LUGNvA8F0nRG6&__tn__=R]-R,Unete con Oscariz y ganaran Amen,True
53,Mario Vargas,https://www.facebook.com/mario.vargas.14811?comment_id=Y29tbWVudDoxMDE2MTI3NDA2MzEyMzk5OF8xMDE2MTI3NTM4Njc4Mzk5OA%3D%3D&__cft__[0]=AZXkviw9QXouiR_gOqxyELoCgy-NOgb5ZGh9ACbSZQm3ag-EhUXa8AGp3JaTj-jUVZ3F_cGd5ZuObtSYsF93XXQLUJ-kFlNgtglN56ZGTfpKbsvBF87fg4PufaBd4WvKMdkrW9ng1i5LUGNvA8F0nRG6&__tn__=R]-R,Otra mentira más siempre es lo mismo de dónde vas a sacar recursos el gobierno te los va a dar otra gran mentira,True
54,Anderson Uzcategui,https://www.facebook.com/anderson.uzcategui.790?comment_id=Y29tbWVudDoxMDE2MTI3NDA2MzEyMzk5OF8xMDE2MTI3NTM2MTM3ODk5OA%3D%3D&__cft__[0]=AZXkviw9QXouiR_gOqxyELoCgy-NOgb5ZGh9ACbSZQm3ag-EhUXa8AGp3JaTj-jUVZ3F_cGd5ZuObtSYsF93XXQLUJ-kFlNgtglN56ZGTfpKbsvBF87fg4PufaBd4WvKMdkrW9ng1i5LUGNvA8F0nRG6&__tn__=R]-R,valla para rramo verde sertor 6 que no tiene avandonado y es sona de siembre y turitica,True
55,Deisy M Silva Flores,https://www.facebook.com/deisymargarita.silvaflores.3?comment_id=Y29tbWVudDoxMDE2MTI3NDA2MzEyMzk5OF8xMDE2MTI3NTM1OTgyMzk5OA%3D%3D&__cft__[0]=AZXkviw9QXouiR_gOqxyELoCgy-NOgb5ZGh9ACbSZQm3ag-EhUXa8AGp3JaTj-jUVZ3F_cGd5ZuObtSYsF93XXQLUJ-kFlNgtglN56ZGTfpKbsvBF87fg4PufaBd4WvKMdkrW9ng1i5LUGNvA8F0nRG6&__tn__=R]-R,Y si entra a la comunidad de merecure el centro bueno peor da mas tristeza aún.no hay transporte la gente entra y sale caminando la carretera está en mala condiciones la inseguridad bueno ni se diga para allá no entra nadien,True
56,Manuel Pernia,https://www.facebook.com/manuel.pernia.10?comment_id=Y29tbWVudDoxMDE2MTI3NDA2MzEyMzk5OF8xMDE2MTI3NTM1ODgxMzk5OA%3D%3D&__cft__[0]=AZXkviw9QXouiR_gOqxyELoCgy-NOgb5ZGh9ACbSZQm3ag-EhUXa8AGp3JaTj-jUVZ3F_cGd5ZuObtSYsF93XXQLUJ-kFlNgtglN56ZGTfpKbsvBF87fg4PufaBd4WvKMdkrW9ng1i5LUGNvA8F0nRG6&__tn__=R]-R,Dale palente David uzcatequi que se acabe la regla roja ya muchos años de nada porque no hacen es nada esos pueblos del guapo cupira uchire clavo todo el tiempo sin luz ni agua ni señal los CDI no sirven las patrullas son taxi aquí falta un cambio que todo las personas madueren y aporten para el beneficio del nuevo futuro de los chamos que vienen atrás no ay estudio ya no existe educación lo que existe es una bolsa y un bono con eso el las personas no hacen nada delen trabajo pongan empresas delen trabajo al pueblo para q se costeeen sus cosas no esperando un bono que no les sirva ni para un desodorante bueno,True
57,WilmerSurf Villarroel,https://www.facebook.com/wilmersurfvillarroel?comment_id=Y29tbWVudDoxMDE2MTI3NDA2MzEyMzk5OF8xMDE2MTI3NDIwNDQ4Mzk5OA%3D%3D&__cft__[0]=AZXkviw9QXouiR_gOqxyELoCgy-NOgb5ZGh9ACbSZQm3ag-EhUXa8AGp3JaTj-jUVZ3F_cGd5ZuObtSYsF93XXQLUJ-kFlNgtglN56ZGTfpKbsvBF87fg4PufaBd4WvKMdkrW9ng1i5LUGNvA8F0nRG6&__tn__=R]-R,La Unidad nos toca hacerla nosotros los Ciudadanos. Siempre son los mismos jugando con el Pueblo .Vamos con Fuerza Vecinal.por el Cambio.,True
57,Deisy M Silva Flores,https://www.facebook.com/deisymargarita.silvaflores.3?comment_id=Y29tbWVudDoxMDE2MTI3NDA2MzEyMzk5OF8xMDE2MTI3NTM1NTU0ODk5OA%3D%3D&__cft__[0]=AZXkviw9QXouiR_gOqxyELoCgy-NOgb5ZGh9ACbSZQm3ag-EhUXa8AGp3JaTj-jUVZ3F_cGd5ZuObtSYsF93XXQLUJ-kFlNgtglN56ZGTfpKbsvBF87fg4PufaBd4WvKMdkrW9ng1i5LUGNvA8F0nRG6&__tn__=R]-R,WilmerSurf Villarroel triste realidad para mí barlovento querido sin luz sin agua sin vialidad . . Y peor aún sin señal .,False
58,Jose Hernandez,https://www.facebook.com/profile.php?id=100059660012949&comment_id=Y29tbWVudDoxMDE2MTI3NDA2MzEyMzk5OF8xMDE2MTI3NTMyODEyMzk5OA%3D%3D&__cft__[0]=AZXkviw9QXouiR_gOqxyELoCgy-NOgb5ZGh9ACbSZQm3ag-EhUXa8AGp3JaTj-jUVZ3F_cGd5ZuObtSYsF93XXQLUJ-kFlNgtglN56ZGTfpKbsvBF87fg4PufaBd4WvKMdkrW9ng1i5LUGNvA8F0nRG6&__tn__=R]-R,Miré chamo si se unen si puedo decir que vamos a ganar pero así no qué va,True
59,Maikel Colmenares,https://www.facebook.com/profile.php?id=100065336206088&comment_id=Y29tbWVudDoxMDE2MTI3NDA2MzEyMzk5OF8xMDE2MTI3NTEwNjcwODk5OA%3D%3D&__cft__[0]=AZXkviw9QXouiR_gOqxyELoCgy-NOgb5ZGh9ACbSZQm3ag-EhUXa8AGp3JaTj-jUVZ3F_cGd5ZuObtSYsF93XXQLUJ-kFlNgtglN56ZGTfpKbsvBF87fg4PufaBd4WvKMdkrW9ng1i5LUGNvA8F0nRG6&__tn__=R]-R,Escuálidos de mierda,True
60,Yine Figueredo,https://www.facebook.com/yine.figueredo?comment_id=Y29tbWVudDoxMDE2MTI3NDA2MzEyMzk5OF8xMDE2MTI3NTA4NjYxODk5OA%3D%3D&__cft__[0]=AZXkviw9QXouiR_gOqxyELoCgy-NOgb5ZGh9ACbSZQm3ag-EhUXa8AGp3JaTj-jUVZ3F_cGd5ZuObtSYsF93XXQLUJ-kFlNgtglN56ZGTfpKbsvBF87fg4PufaBd4WvKMdkrW9ng1i5LUGNvA8F0nRG6&__tn__=R]-R,Otro politico mas promete de todo y al final no cumplira,True
61,Reina Chinque Gutierrez Higuera,https://www.facebook.com/reina.chinque?comment_id=Y29tbWVudDoxMDE2MTI3NDA2MzEyMzk5OF8xMDE2MTI3NTAxNTQ5Mzk5OA%3D%3D&__cft__[0]=AZXkviw9QXouiR_gOqxyELoCgy-NOgb5ZGh9ACbSZQm3ag-EhUXa8AGp3JaTj-jUVZ3F_cGd5ZuObtSYsF93XXQLUJ-kFlNgtglN56ZGTfpKbsvBF87fg4PufaBd4WvKMdkrW9ng1i5LUGNvA8F0nRG6&__tn__=R]-R,Lo que hacen es llenarse y pañitos de agua tibia al pueblo y ellos muy bien,True
62,Reina Chinque Gutierrez Higuera,https://www.facebook.com/reina.chinque?comment_id=Y29tbWVudDoxMDE2MTI3NDA2MzEyMzk5OF8xMDE2MTI3NTAxMzY1Mzk5OA%3D%3D&__cft__[0]=AZXkviw9QXouiR_gOqxyELoCgy-NOgb5ZGh9ACbSZQm3ag-EhUXa8AGp3JaTj-jUVZ3F_cGd5ZuObtSYsF93XXQLUJ-kFlNgtglN56ZGTfpKbsvBF87fg4PufaBd4WvKMdkrW9ng1i5LUGNvA8F0nRG6&__tn__=R]-R,Por alli han pasado todos blancos verdes rojos azules amarillos y todos prometen y ninguno cumple eso es mentira del diablo,True
63,Ambarys Hoffmán,https://www.facebook.com/cuenttafull?comment_id=Y29tbWVudDoxMDE2MTI3NDA2MzEyMzk5OF8xMDE2MTI3NDUyMzUwMzk5OA%3D%3D&__cft__[0]=AZXkviw9QXouiR_gOqxyELoCgy-NOgb5ZGh9ACbSZQm3ag-EhUXa8AGp3JaTj-jUVZ3F_cGd5ZuObtSYsF93XXQLUJ-kFlNgtglN56ZGTfpKbsvBF87fg4PufaBd4WvKMdkrW9ng1i5LUGNvA8F0nRG6&__tn__=R]-R,Mi gobernador,True
64,Karelis Valdepino,https://www.facebook.com/karelis.valdepino?comment_id=Y29tbWVudDoxMDE2MTI3NDA2MzEyMzk5OF8xMDE2MTI3NDQyMzU0ODk5OA%3D%3D&__cft__[0]=AZXkviw9QXouiR_gOqxyELoCgy-NOgb5ZGh9ACbSZQm3ag-EhUXa8AGp3JaTj-jUVZ3F_cGd5ZuObtSYsF93XXQLUJ-kFlNgtglN56ZGTfpKbsvBF87fg4PufaBd4WvKMdkrW9ng1i5LUGNvA8F0nRG6&__tn__=R]-R,"ASI ES CARAJO, Don calvo NO cumplió con la oferta electoral engañosa que le hizo a Miranda hace 4 años con los supuestos 3 compromisos, olvidense que lo que prometa orita menos lo cumple, metansele al pueblo en el corazón para que tumben estos desmanes en Miranda, riquillos que juegan a gobernar mandando, NO OBEDECIENDO AL PUEBLO.",True
65,Grecia Rosales,https://www.facebook.com/grecia.rosales.9047?comment_id=Y29tbWVudDoxMDE2MTI3NDA2MzEyMzk5OF8xMDE2MTI3NDI5MjY2ODk5OA%3D%3D&__cft__[0]=AZXkviw9QXouiR_gOqxyELoCgy-NOgb5ZGh9ACbSZQm3ag-EhUXa8AGp3JaTj-jUVZ3F_cGd5ZuObtSYsF93XXQLUJ-kFlNgtglN56ZGTfpKbsvBF87fg4PufaBd4WvKMdkrW9ng1i5LUGNvA8F0nRG6&__tn__=R]-R,David Uzcátegui la fuerza del cambio para nuestra Miranda digan lo que digan,True
66,Luis Jose Mendezfo,https://www.facebook.com/luisjose.mendezfo?comment_id=Y29tbWVudDoxMDE2MTI3NDA2MzEyMzk5OF8xMDE2MTI3NDE3MDgxMzk5OA%3D%3D&__cft__[0]=AZXkviw9QXouiR_gOqxyELoCgy-NOgb5ZGh9ACbSZQm3ag-EhUXa8AGp3JaTj-jUVZ3F_cGd5ZuObtSYsF93XXQLUJ-kFlNgtglN56ZGTfpKbsvBF87fg4PufaBd4WvKMdkrW9ng1i5LUGNvA8F0nRG6&__tn__=R]-R,Es triste amigo David pero muchos están pagando su error y no error de una vez si no de varias veces Simón Bolivar dijo cada pueblo tiene lo que se merece igual lo estamos pagando en toda miranda espero que de verdad tu puedas ayudar a esa gente indefensa por eso cada vez me convenzo más que tu eres el hombre para gobernar nuestro estado,True
67,Reinolds Abache,https://www.facebook.com/reinolds.abache.1?comment_id=Y29tbWVudDoxMDE2MTI3NDA2MzEyMzk5OF8xMDE2MTI3NDE0NTE5ODk5OA%3D%3D&__cft__[0]=AZXkviw9QXouiR_gOqxyELoCgy-NOgb5ZGh9ACbSZQm3ag-EhUXa8AGp3JaTj-jUVZ3F_cGd5ZuObtSYsF93XXQLUJ-kFlNgtglN56ZGTfpKbsvBF87fg4PufaBd4WvKMdkrW9ng1i5LUGNvA8F0nRG6&__tn__=R]-R,Fuerza vecinal,True
68,Miguel Guaita,https://www.facebook.com/profile.php?id=100055205693232&comment_id=Y29tbWVudDoxMDE2MTI3NDA2MzEyMzk5OF8xMDE2MTI3NDA4Nzc2Mzk5OA%3D%3D&__cft__[0]=AZXkviw9QXouiR_gOqxyELoCgy-NOgb5ZGh9ACbSZQm3ag-EhUXa8AGp3JaTj-jUVZ3F_cGd5ZuObtSYsF93XXQLUJ-kFlNgtglN56ZGTfpKbsvBF87fg4PufaBd4WvKMdkrW9ng1i5LUGNvA8F0nRG6&__tn__=R]-R,Amigo Uzcategui Porq si Todos saben que en el Municipio Páez Emilio Ruiz Cortez Está muy por encima de los candidatos en la encuestas y en la Aceptación de Las Comunidades Porq Usted no le da el Apoyo si quiere de verdad salir de Monterola???,True
69,Jorge Alberto Reyes López,https://www.facebook.com/jorge.reyes.98031506?comment_id=Y29tbWVudDoxMDE2MTI3NDA2MzEyMzk5OF8xMDE2MTI3NDA3NzE2ODk5OA%3D%3D&__cft__[0]=AZXkviw9QXouiR_gOqxyELoCgy-NOgb5ZGh9ACbSZQm3ag-EhUXa8AGp3JaTj-jUVZ3F_cGd5ZuObtSYsF93XXQLUJ-kFlNgtglN56ZGTfpKbsvBF87fg4PufaBd4WvKMdkrW9ng1i5LUGNvA8F0nRG6&__tn__=R]-R,Que remos unida,True
